name,gender,birth_count
Malvin,M,6
Ila,F,154
Evelyn,F,1151
Margarett,F,16
Doshie,F,13
Orie,F,8
Bert,M,130
Larkin,M,5
Bulah,F,30
Aubrey,M,49
Isador,M,5
Erline,F,5
Ettie,F,28
Alfred,M,590
Christine,F,323
Dallie,F,5
Leonia,F,16
Willam,M,8
Oakley,M,12
Zeke,M,6
Launa,F,8
Verdie,F,36
Maude,F,834
Millie,F,185
Golden,F,19
Joy,M,9
Alleyne,F,5
Julia,M,8
Katheryn,F,28
Freda,F,247
Belzora,F,6
Margart,F,5
Celie,F,7
Emmitt,M,13
Hester,F,164
Emile,M,18
Ressie,F,24
Trudy,F,8
Wash,M,11
Myrtice,F,28
Zena,F,11
Hosea,M,25
Theron,M,12
Ricardo,M,7
Mable,M,5
Maple,F,14
Buddy,M,15
Gerald,M,151
Omar,M,8
Theresa,F,549
Theo,M,24
Joe,F,30
Mckinley,M,58
Tula,F,10
Clotilde,F,7
Cleotilde,F,5
Jim,M,300
Hal,M,25
Madlyn,F,7
Anita,F,163
Elzie,M,23
Letha,F,159
Rosy,F,8
Mayo,F,6
Lyndall,F,5
Hazen,M,5
Patricia,F,85
Elgie,F,7
Verla,F,20
Margaretta,F,10
Vernard,M,5
Marilla,F,7
Allan,M,56
Landon,M,5
Olaf,M,12
Phil,M,23
Denver,M,14
Evah,F,5
Spencer,M,32
Zeb,M,8
Nan,F,39
Conley,M,6
Naoma,F,9
Ulysses,M,21
Renee,F,10
Claribel,F,14
Delma,F,26
Lulu,F,161
Olinda,F,6
Thekla,F,6
Fleetwood,M,5
Editha,F,7
Odette,F,9
Juliette,F,25
Lotus,F,5
Sibyl,F,34
Don,M,79
Lenna,F,23
Junie,F,12
Marcellus,M,16
Maxwell,M,26
Nonnie,F,6
Lettie,F,108
Merle,M,58
Thurman,M,22
Cy,M,6
Minnette,F,7
Reatha,F,11
Zina,F,6
Eunice,M,7
Dan,M,124
Gerard,M,8
Valentine,F,7
Adena,F,5
Virgil,F,10
Margarita,F,27
Leamon,M,6
Vernal,M,5
Amanda,F,301
Farrell,M,6
Franz,M,5
Treva,F,22
Telitha,F,7
Meryl,F,7
Norene,F,13
Vernon,M,175
Bernadette,F,53
Sylvester,F,6
Ozie,M,8
Harris,M,26
Nell,F,247
Rittie,F,5
Alta,F,279
Eather,F,8
Luciel,F,9
Elwyn,M,6
Courtney,M,5
Lucious,M,15
Carita,F,5
Rufus,M,152
Ollie,F,428
Artis,M,5
Pablita,F,6
Tom,F,6
Leora,F,69
Prudie,F,11
Nelly,F,8
Maxie,M,8
Benjiman,M,10
Ellie,M,11
Ena,F,12
Lucy,M,6
Jay,M,89
Sally,F,266
Eddie,F,68
Wright,M,5
Macey,F,6
Shafter,M,5
Justina,F,5
Willie,M,1565
Cecil,F,112
Abner,M,21
Duncan,M,11
Johnie,F,34
Mackie,F,6
Donald,M,366
Hattie,M,6
Walker,M,19
Melba,F,35
Nevada,F,13
Adrien,M,5
Eathel,F,13
Malissa,F,24
Enoch,M,22
Relda,F,8
Millicent,F,23
Vietta,F,5
Hildegard,F,28
Georgeanna,F,8
Cecile,F,181
Troy,F,6
Callie,F,221
Vernie,M,13
Arnie,M,6
Bernice,F,794
Thressa,F,5
Myles,M,9
Lossie,F,8
Viney,F,6
Clinton,M,92
Nicholas,M,112
Theodora,F,24
Zelpha,F,9
Lacy,M,22
Toy,M,6
Loyal,M,11
Lindsay,M,9
Felipa,F,6
Dorathy,F,6
Wyatt,M,6
Victor,M,205
Ferris,M,10
Patty,F,6
Leoma,F,8
Laurence,F,6
Darrell,M,11
Hobert,M,20
Jeanne,F,77
Lincoln,M,17
Ennis,M,10
Onnie,M,5
Vernia,F,8
Eustace,M,6
Elvis,M,12
Marcella,F,145
Romie,M,5
Sterling,M,30
Liller,F,9
Bette,F,14
Barbara,F,306
Wauneta,F,5
Daisy,M,6
Birdia,F,6
Libbie,F,19
Gatha,F,5
Felton,M,10
Fannie,M,12
Lacey,M,5
Lanora,F,8
Stephen,M,210
Finis,M,6
Sigrid,F,12
Velda,F,13
Aldea,F,6
Lavena,F,7
Rae,F,64
Matilda,F,290
Bea,F,8
Raphael,M,15
America,F,16
Nellie,F,1566
Clifford,M,326
Ora,M,43
Esau,M,7
Euna,F,24
Ivan,M,71
Isadora,F,7
Anna,F,5288
Tassie,F,5
Wilbert,M,50
Antone,M,10
Rowland,M,12
Vinnie,F,25
Dora,F,780
Cathleen,F,18
Rhea,F,55
Dessie,F,121
Woodie,M,7
Sybil,F,56
Alex,M,154
Fannie,F,971
Joan,F,65
Lorenza,F,10
Ola,M,5
Mat,M,9
Isola,F,5
Cecil,M,354
James,M,5592
Leo,F,14
Lafayette,M,13
Nathen,M,8
Laurine,F,5
Lloyd,M,344
Ezzie,F,5
Solon,M,6
Alvia,F,5
Eufelia,F,5
Daphne,F,16
Almeta,F,12
Vashti,F,20
Adda,F,13
Pearl,F,2100
Pearline,F,8
Lesta,F,8
Felix,M,114
Beadie,F,6
Harvie,M,8
Delilah,F,22
Adolf,M,8
Evertt,M,5
Alexina,F,7
Tishie,F,5
Buck,M,17
Sadye,F,26
Oreta,F,5
Thompson,M,6
Laura,M,6
Dominic,M,24
Edward,M,2294
Hyacinth,F,9
Mitchell,M,50
Justice,M,5
Birtie,F,25
Delphia,F,40
Bennie,M,124
Carry,F,10
Charlene,F,8
Pinkie,F,59
Terese,F,6
Willy,M,5
Metta,F,15
Janie,F,262
Byrdie,F,7
Larue,F,12
Dorothea,F,124
Sophia,F,256
Verna,M,8
Elzie,F,8
Delphine,F,26
Ruthe,F,5
Sanders,M,6
Hilma,F,35
Mabel,F,2280
Halsey,M,5
Bradley,M,9
Wylie,M,10
Omega,F,7
Jonah,M,6
Venie,F,6
Emma,M,11
Elizabeth,F,3694
Samuel,M,702
Carlota,F,12
Ray,F,40
Billy,F,8
Francies,F,12
Tressa,F,21
Lemon,M,15
Leslie,F,37
Alma,M,8
Elgin,M,10
Petra,F,37
Cameron,M,6
Rosabelle,F,10
Docia,F,18
Wilma,F,272
Arlean,F,7
Ralph,F,7
Aron,M,20
Pat,M,35
Melinda,F,10
Herman,F,5
Theodore,M,642
Corean,F,7
Alonza,M,7
Carmine,M,7
Nels,M,14
Norma,F,277
Bertha,M,11
Patrick,M,203
Llewellyn,M,6
Laurene,F,7
Milda,F,12
Verl,F,6
Idell,F,24
Sula,F,9
Clorinda,F,5
Blanchard,M,5
Charley,M,168
Audley,M,7
Ruthie,F,22
Placida,F,5
Elba,F,12
Juan,M,68
Shellie,M,5
Rosena,F,10
Noel,M,22
Madeleine,F,44
Winnie,F,221
Pierce,M,15
Wanda,F,106
Mae,F,1261
Lillion,F,5
Dina,F,10
Gladyse,F,6
Chloe,F,42
Permelia,F,9
Emaline,F,9
Agustin,M,8
Mannie,M,8
Willma,F,7
Adelle,F,8
Lige,M,9
Elex,M,8
Alfonso,M,23
Bill,M,138
Janetta,F,5
Rozella,F,15
Ignacio,M,6
Bernardo,M,5
Tim,M,18
Eugenia,F,89
Israel,M,24
Tessie,F,63
Lutie,F,9
Lula,M,7
Hedwig,F,41
Annie,M,11
Ines,F,14
Euretta,F,6
Vito,M,16
Almedia,F,6
Carlos,M,37
June,F,128
Love,F,5
Cora,F,1081
Toby,F,5
Mahlon,M,11
Val,M,9
Persis,F,5
Etta,F,400
Nelle,F,82
Antonina,F,9
Lynette,F,7
Amos,M,95
Lavern,F,9
Rilda,F,5
Alice,F,3135
Verona,F,18
Lady,F,9
Melissa,F,40
Saloma,F,5
Florinda,F,7
Missie,F,9
Eveline,F,14
Ambrose,M,26
Eufemia,F,5
Pleas,M,9
Meyer,M,22
Selena,F,17
Rama,F,5
Lida,F,63
Elie,M,6
Earle,F,6
Cleon,M,5
Gladys,F,2809
Thedore,M,6
Eldridge,M,8
Ronald,M,49
Ophie,F,9
Viva,F,34
Aaron,M,78
Dorris,F,36
Iola,F,52
Collins,M,7
Maudie,F,155
Rafael,M,10
Manie,F,9
Arnold,M,107
Wardell,M,9
Herman,M,457
Rosella,F,72
Doc,M,6
Lucill,F,6
Esma,F,11
Durward,M,9
Elmyra,F,5
Domingo,M,9
Calista,F,5
Jason,M,14
Sadie,F,716
Caleb,M,11
Newt,M,9
Maebell,F,7
Starling,M,5
Corina,F,5
Dennis,M,85
Ivah,F,8
Corine,F,99
King,M,29
Avis,F,61
Minnie,F,2055
Maggie,F,853
Shelton,M,7
Earlie,M,10
Isaiah,M,25
Vicente,M,9
Gertrude,M,10
Doyle,M,25
Alice,M,12
Estel,F,7
Hildred,F,23
Morris,M,150
Columbia,F,8
Graham,M,8
Bonita,F,6
Lular,F,9
Delora,F,5
Burton,M,29
Minda,F,5
Tillman,M,11
Julie,F,44
Lucretia,F,28
Margaret,M,22
Brice,M,6
Anthony,M,420
Lauretta,F,55
Foster,M,30
Linn,M,6
Irwin,M,23
Angelita,F,9
Coral,F,16
Jo,F,25
Tillie,F,159
Ashton,M,8
Margarite,F,14
Amber,F,9
Almeda,F,53
Virgia,F,14
Deane,F,6
Jinnie,F,7
Effa,F,5
Lawerence,M,5
Lizzie,F,504
Ramon,M,42
Leanna,F,11
Tommye,F,5
Louisa,F,87
Filomena,F,30
Harley,M,83
Parley,M,5
Mervin,M,11
Nervie,F,5
Bessie,F,2448
Werner,M,5
Gail,M,11
Urban,M,13
Felicitas,F,7
Eldora,F,24
Anne,F,564
Ella,F,1525
Dillie,F,10
Wilhelm,M,8
William,F,25
Cherry,F,13
Bernetta,F,8
Amada,F,5
Zadie,F,13
Flonnie,F,11
Duane,M,6
Champ,M,6
Theresia,F,12
Elodie,F,5
Elenora,F,35
Girtrue,F,5
Micheal,M,15
Ignatius,M,8
Addison,M,14
Owens,M,7
Lonie,F,22
Garland,F,5
Lollie,F,12
Margaretha,F,9
Westley,M,8
Erwin,M,49
Minor,M,9
Elta,F,10
Rose,F,2444
Kenneth,M,275
Edmonia,F,13
Elton,M,26
Harmon,M,13
Veola,F,11
Margot,F,6
Kathrine,F,21
Leontine,F,10
Jennings,M,9
Caddie,F,7
Celine,F,9
Lethia,F,7
Annamae,F,8
Clarissa,F,25
Girlie,F,8
Ula,F,14
Theodosia,F,7
Nora,F,724
Anabel,F,9
Dominick,M,19
Vergil,F,5
Rettie,F,9
Mamie,M,6
Bruce,M,60
Chas,M,27
Agnes,F,1676
Viola,F,1447
Holmes,M,6
Georgia,F,664
Dean,M,40
Pat,F,7
Theo,F,35
John,M,7907
Eldon,M,24
Loran,M,13
Curtis,M,129
Maurice,M,187
Austin,M,64
Adelia,F,34
Leo,M,551
Marjorie,F,543
Ara,F,20
Sandy,M,19
Floy,F,56
Caesar,M,6
Roxie,F,170
Hulda,F,89
Foy,F,8
Thora,F,18
Roxana,F,5
Winifred,F,226
Carla,F,6
Felicita,F,6
Hollis,F,8
Philomene,F,11
Elijah,M,66
Jess,F,6
Marian,M,5
Forrest,M,91
Monroe,M,59
Ica,F,11
Martha,F,2030
Booker,M,61
Wyman,M,5
Ilo,F,7
Grayce,F,29
Willia,M,6
Vera,F,947
Opal,M,8
Vita,F,7
Rocco,M,11
Ann,F,753
Dannie,F,9
Callie,M,5
Elizabeth,M,21
Ralph,M,867
Manerva,F,5
Oneda,F,5
Margaret,F,5011
Winnifred,F,28
Roma,F,18
Glynn,M,6
Marianne,F,11
Pearlie,F,129
Norman,M,256
Ermine,F,6
Olia,F,7
Christ,M,12
Odell,F,19
Hubert,M,165
Eldred,M,14
Wilber,M,20
Troy,M,59
Elfrieda,F,13
Dean,F,8
Camelia,F,5
Janice,F,43
Opal,F,498
Virgil,M,163
Nezzie,F,8
Lona,F,95
Alvie,M,18
Emerson,M,28
Travis,M,16
Maria,F,331
Dale,M,63
Ludie,F,39
Erie,F,21
Lula,F,976
Dorsey,M,11
Florida,F,41
Carl,F,9
Wallace,M,157
Hershel,M,20
Perle,F,11
Rosa,F,909
Ada,F,921
Douglas,M,76
Cleveland,M,52
Dolph,M,5
Fernando,M,11
Ludella,F,5
Oleta,F,9
Royal,M,31
Cordie,F,29
Amie,F,26
Haskell,M,9
Melda,F,12
Noble,M,22
Avery,M,18
Stuart,M,22
Lavenia,F,9
Epsie,F,5
Lee,M,475
Aggie,F,13
Ardath,F,9
Murry,M,12
Lindsey,M,13
Ben,M,273
Bernadine,F,39
Dova,F,5
Ramona,F,44
Leta,F,82
Sebastian,M,5
Reese,M,12
Alma,F,1229
Savilla,F,9
Cornelia,F,179
Cliffie,F,5
Saul,M,24
Fredericka,F,11
Shelby,M,11
Pinkney,M,6
Laurie,M,5
Mayme,F,166
Jhon,M,6
Roselle,F,8
Meredith,M,9
Rosina,F,30
Marina,F,8
Luisa,F,16
Benedict,M,5
Allyne,F,5
Algie,F,6
Huston,M,6
Rhoda,F,152
Stafford,M,5
Avon,M,5
Fidel,M,5
Ruth,M,17
Alva,F,54
Olive,F,593
Harold,M,1077
Furman,M,12
Rosemary,F,37
Conway,M,7
Madolyn,F,7
Rene,M,11
Enid,F,30
Wayman,M,7
Rochelle,F,5
Miguel,M,21
Delbert,M,51
Russel,M,31
Jesusa,F,5
Brown,M,7
Jerry,F,10
Octavie,F,8
Dellar,F,12
Jeane,F,10
Everlena,F,11
Vilma,F,5
Jonathan,M,22
Blair,M,10
Hazelle,F,9
Carlee,F,5
Guadalupe,M,7
Alferd,M,5
Carey,M,12
Thad,M,16
Astrid,F,7
Delcie,F,12
Nealie,F,11
Florene,F,13
Walton,M,13
Martha,M,8
Clyde,F,50
Aura,F,6
Palma,F,18
Ottis,M,16
Emmaline,F,12
Lurene,F,6
Celeste,F,33
Marie,M,15
Lamar,M,15
Zella,F,124
Dee,M,26
Augustine,M,14
Ellsworth,M,26
Fred,F,9
Quincy,M,9
James,F,30
Carmela,F,61
Lyle,F,7
Corinna,F,7
Ford,M,13
Edythe,F,113
Alford,M,17
Cecille,F,6
Dorathea,F,8
Catarina,F,8
Benita,F,10
Linda,F,91
Elinore,F,5
Mamie,F,1127
Trula,F,14
Madelyn,F,26
Marquerite,F,10
Paula,F,41
Carolyn,F,179
Robie,F,6
Benny,M,13
Etter,F,6
Zennie,F,6
Alvan,M,5
Orena,F,9
Toney,M,8
Lennie,F,49
Albertina,F,11
Ilah,F,13
Emilia,F,28
Lois,F,594
Allison,M,9
Elouise,F,21
Lawrence,M,598
Hettie,F,115
Clemence,F,7
Grant,M,54
Elmina,F,7
Manda,F,25
George,M,4223
Berenice,F,29
Virginia,F,1008
Goldia,F,24
Walter,F,12
Charity,F,34
Byron,M,50
Mariana,F,8
Antonio,M,96
Queenie,F,33
Vennie,F,13
Gennie,M,5
Refugia,F,10
Glenwood,M,6
Spurgeon,M,8
Leana,F,5
Alverda,F,14
Sidney,M,175
Roy,F,10
Zada,F,17
Clarabel,F,5
Emmet,M,13
Henrietta,F,437
Edia,F,8
Alethea,F,6
Leonore,F,10
Florence,M,23
Violet,F,649
Randolph,M,34
Adell,F,43
Nick,M,37
Lois,M,7
Ophelia,F,95
Henery,M,11
Curtis,F,11
Hetty,F,9
Eve,F,33
Antoinette,F,143
Bena,F,8
Edmon,M,7
Adam,M,99
Russell,M,422
Arlena,F,16
Butler,M,6
Madonna,F,7
Ola,F,362
Ammie,F,13
Emmett,M,98
Burnice,M,6
Candelaria,F,9
Hattie,F,1163
Isadore,M,24
Allie,F,261
Millard,M,60
Ocie,F,49
Wiley,M,57
Romaine,F,6
Beula,F,15
Juel,F,5
Gay,F,17
Clint,M,18
Thalia,F,6
Alvina,F,86
Snow,F,7
Ima,F,32
Theora,F,5
Joseph,F,8
Abraham,M,82
Carmel,F,10
Earnestine,F,13
Letitia,F,28
Sharon,M,6
Laurence,M,71
Otelia,F,13
Pablo,M,21
Johnie,M,113
Christie,F,10
Vonnie,F,12
Gordon,M,109
Tommy,M,32
Consuelo,F,18
Oza,F,5
Justin,M,9
Muriel,F,206
Sophie,F,279
Verda,F,78
Lavinia,F,34
Arline,F,38
Arrie,F,19
Lorin,M,6
Allean,F,9
Eda,F,32
Burrell,M,5
Mercedes,F,44
Dale,F,14
Rossie,F,13
Dellie,F,18
Roosevelt,F,6
Rebecca,F,382
Litha,F,5
Luke,M,41
Evelyne,F,8
Dollie,F,176
Theadore,M,12
Percival,M,8
Claire,F,156
Agatha,F,51
Ewing,M,11
Georgian,F,6
Lionel,M,19
Orlo,M,7
Adolph,M,87
Kittie,F,19
Lynn,M,39
Abel,M,11
Maryanna,F,7
Alene,F,26
Corinne,F,119
Rube,M,5
Harvey,M,264
Emelie,F,6
Violetta,F,9
Juluis,M,6
Ema,F,9
Herma,F,6
Tena,F,26
Sylvia,F,411
Tracy,F,8
Romana,F,5
Grace,F,2642
Eleanora,F,38
Oren,M,25
Lela,F,459
Elliott,M,29
Veda,F,52
Miller,M,12
Cindy,F,6
Jennette,F,8
Ellen,F,753
Odessa,F,90
Aneta,F,6
Elvira,F,137
Lila,F,239
Ary,F,7
Annabell,F,17
Jesse,M,437
Eudora,F,14
Cleopatra,F,7
Gradie,F,8
Santiago,M,9
Neil,M,28
Loney,F,5
Vernice,F,22
Venice,F,13
Gaynelle,F,7
Quinnie,F,5
Buddie,M,8
Glennie,F,12
Seth,M,10
Leva,F,14
Rubert,M,5
Abigail,F,18
Nena,F,6
Sonia,F,9
Rosamond,F,24
Yolanda,F,11
Annie,F,2664
Nessie,F,5
Evert,M,10
Evia,F,5
Newton,M,39
Arther,M,26
Regina,F,198
Garfield,M,26
May,M,10
Tommie,M,67
Pennie,F,6
Camilla,F,23
Galena,F,7
Hyman,M,14
Stasia,F,7
Crystal,F,28
Clarisse,F,5
Florrie,F,18
Susanna,F,41
Leonard,M,426
Lindy,F,5
Ballard,M,5
Son,M,13
Sussie,F,8
Adeline,F,240
Lawrence,F,6
Berry,M,15
Exa,F,9
Inis,F,7
Mabelle,F,44
Aline,F,67
Garnett,F,23
Lillian,M,13
Vernell,F,8
Avie,F,6
Trudie,F,20
Sallie,F,556
Germaine,F,12
Nita,F,30
Odus,M,8
Osa,F,11
Dallas,M,31
Kyle,M,7
Delila,F,5
Harry,F,11
Kate,F,213
Artelia,F,7
Josh,M,17
Versie,F,16
Neal,M,46
Leona,F,875
Madaline,F,21
Warren,F,5
Vlasta,F,10
Helen,F,5967
Arkie,F,6
Aileen,F,86
Erin,F,7
Anton,M,53
Thomas,M,2134
Green,M,22
Rossie,M,6
Mabell,F,7
Mac,M,8
Lella,F,6
Terry,M,18
Anetta,F,5
Elvin,M,29
Doris,F,656
Suda,F,5
Cruz,F,10
Earl,M,877
Ronnie,F,5
Jan,M,5
Laurie,F,9
Hanna,F,24
Myrtis,F,40
Lear,F,10
Myrtle,M,9
Claudine,F,19
Hayes,M,12
Mike,M,99
Davis,M,8
Augustin,M,6
Basil,M,32
Victoriano,M,8
Catharine,F,103
Casper,M,16
Madison,M,7
Linnie,M,7
Fronie,F,13
Alec,M,9
Azema,F,5
Izora,F,15
Elizebeth,F,23
Henry,F,14
Gilda,F,7
Thelma,F,1309
Jacqueline,F,18
Nina,F,369
Michel,M,5
Arvilla,F,34
Gerrit,M,5
Thyra,F,11
Elsie,M,14
Marcus,M,44
Myron,M,36
Ivor,M,7
May,F,560
Prince,M,21
Waino,M,5
Lenard,M,19
Gustaf,M,7
Perley,M,5
Idella,F,48
Josefina,F,19
Aurore,F,14
Twila,F,14
Cornelious,M,7
Elias,M,21
Isobel,F,10
Agustina,F,5
Tiny,F,15
Garnette,F,6
Clare,M,15
Harry,M,1750
Margery,F,35
Connie,M,16
Ada,M,8
Saima,F,6
Gustav,M,13
Ernest,M,790
Susan,F,335
Leitha,F,5
Hampton,M,15
Jacob,M,207
Logan,M,13
Attie,F,10
Dinah,F,12
Philip,M,226
Lilla,F,49
Nancie,F,8
Herschel,M,33
Ted,M,87
Tony,M,74
Bud,M,24
Vester,F,6
Griffin,M,6
Hans,M,17
Ruben,M,45
Earline,F,16
Hazle,F,11
Hayden,M,5
Alvena,F,13
Flossie,F,330
Ossie,M,9
Clio,F,5
Melva,F,29
Omie,F,17
Bama,F,14
Chester,F,7
Jean,F,408
Rubye,F,49
Lanie,F,6
Oral,F,8
Joel,M,38
Price,M,5
Nelia,F,14
Walter,M,1858
Milford,M,18
Melvin,M,248
Gusta,F,6
Ellar,F,8
Minnie,M,11
Jetta,F,7
Hasel,F,10
Kirby,M,8
Junius,M,23
Morgan,M,23
Lestie,F,5
Baxter,M,9
Sammie,M,21
Ewell,M,9
Madelene,F,9
Loucille,F,5
Mortimer,M,7
Vivian,F,425
Harold,F,6
Junior,M,14
Pheobe,F,6
Zack,M,11
Madgie,F,6
Era,F,68
Silas,M,55
Sofia,F,12
Eunie,F,7
Greta,F,25
Harriette,F,32
Odelle,F,5
Boyd,M,42
Chessie,F,11
Fannye,F,6
Donie,F,9
Nora,M,8
Dave,M,112
Hope,F,32
Hershell,M,5
Arleigh,M,5
Alejandro,M,6
Louisiana,F,7
Laverne,F,37
Audrey,F,210
Matilde,F,15
Amma,F,5
Myra,F,136
Meda,F,17
Tressie,F,56
Sara,F,335
Young,M,11
Gillie,F,9
Sylvania,F,6
Vella,F,11
Celina,F,10
Olie,F,7
Glayds,F,7
Delphina,F,5
Daisy,F,748
Gonzalo,M,5
Vertie,F,20
Ader,F,5
Ellis,F,10
Vara,F,9
Obed,M,5
Emory,M,58
Mertie,F,22
Maida,F,10
Salome,F,16
Garrett,M,12
Tabitha,F,7
Lewis,M,385
Laurel,F,10
Earlean,F,5
Reginald,M,43
Huldah,F,14
Glenn,F,8
Salvador,M,11
Estell,F,39
Chris,M,37
Roberta,F,176
Eleanore,F,42
Moe,M,6
Mattie,F,1353
Wilfred,M,63
Elfie,F,10
Mavis,F,23
Clyda,F,5
Bessie,M,7
Ole,M,15
Minna,F,25
Eola,F,10
Lawson,M,20
Lunette,F,8
Anastasia,F,24
Gladys,M,12
Icy,F,23
Imogene,F,42
Maymie,F,22
Linnea,F,9
Rosalind,F,18
Ova,F,18
Melville,M,15
Imo,F,12
Channie,F,5
Jess,M,86
Huey,M,6
Alsie,F,6
Toy,F,5
Trinidad,F,11
Sinnie,F,5
Heyward,M,7
Hannah,F,271
Ellie,F,51
Zilphia,F,6
Corda,F,16
Lillian,F,3063
Lovell,M,5
Lummie,F,5
Jewel,M,13
Concetta,F,33
Handy,M,5
Beauty,F,7
Diane,F,6
Rose,M,7
Genevra,F,8
Isiah,M,28
Pollie,F,12
Rena,F,230
Montie,F,7
Lidia,F,5
Junious,M,20
Sammie,F,17
Albina,F,41
Clide,M,6
Benjaman,M,6
Bridget,F,31
Laurel,M,6
Sol,M,34
Jens,M,5
Harrison,M,53
Williams,M,11
Charles,M,3361
Elia,F,12
Jewel,F,153
Arizona,F,18
Myrtie,F,54
Vern,M,30
Spence,M,5
Ivey,F,7
Dalton,M,13
Florian,M,7
Colin,M,5
Dena,F,36
Maybelle,F,75
Prudence,F,22
Harlan,M,24
Lavonia,F,7
Lawton,M,9
Oris,M,5
Charlotte,F,524
Columbus,M,47
Connie,F,59
Evalena,F,10
Parlee,F,6
Elvera,F,33
Otto,M,192
Claude,M,336
Lovina,F,13
Garry,M,6
Pasquale,M,15
Lilly,F,126
Ardelia,F,12
Jannie,F,83
Hallie,M,11
Matthew,M,104
Arlie,M,16
Ottilie,F,17
Lonzo,M,15
Hamp,M,11
Ed,M,175
Emanuel,M,49
Ora,F,427
Laurena,F,5
Sherwood,M,6
Abe,M,54
Coy,M,35
Edie,F,5
Lucille,F,1087
Marian,F,338
Ezekiel,M,8
Tomas,M,19
Jeannette,F,174
Venia,F,5
Zelda,F,38
Peter,M,433
Jessica,F,9
Rodney,M,19
Genevia,F,5
Alfredo,M,15
Preston,M,62
Tomie,M,11
Christopher,M,47
Alden,M,10
Robert,M,3180
Ercell,F,7
Thomas,F,16
Zola,F,58
Ruby,M,14
Sudie,F,57
Floretta,F,5
Bell,F,43
Naomie,F,6
Berkley,M,5
Raymond,M,1065
Elnora,F,162
Mossie,F,19
Gary,M,18
Gina,F,6
Meta,F,83
Eulalie,F,6
Ira,M,156
Blanche,M,7
Kattie,F,33
Elwood,M,33
Vergie,F,29
Alyce,F,44
Arie,F,15
Sena,F,13
Berta,F,46
Wilhelmina,F,112
Audrie,F,7
Laverna,F,13
Delpha,F,19
Leone,F,79
Judge,M,18
Geneve,F,6
Ermon,F,5
Jocie,F,6
Gracia,F,10
Lola,F,565
Webster,M,20
Eppie,F,5
Jimmie,F,93
David,M,761
Luis,M,19
Laurette,F,8
Gus,M,85
Louie,M,60
Sarah,M,5
Elfreda,F,9
Lelia,F,140
Penelope,F,5
Truman,M,20
Ruth,F,4384
Nathaniel,M,88
Pink,M,13
Leanore,F,6
Leon,F,11
Celester,F,5
Ellis,M,112
Buster,M,29
Novie,F,7
Samantha,F,15
Dura,F,6
Arleen,F,5
Merl,M,5
Watt,M,5
Nola,F,131
Samie,M,5
Vernon,F,13
Vance,M,23
Cliff,M,16
Onita,F,6
Birdie,F,173
Amalia,F,22
Van,F,7
Tempie,F,18
Archie,M,186
Tobias,M,5
Drucilla,F,16
Leather,F,7
Christiana,F,7
Rogers,M,20
Golda,F,81
Rada,F,5
Merton,M,17
Tollie,M,8
Gladis,F,8
Estes,M,5
Judith,F,41
Daisey,F,10
Altie,F,9
Doshia,F,9
Vianna,F,5
Linwood,M,22
Carrie,F,1376
Thea,F,14
Arch,M,18
Aldine,F,7
Asa,M,21
Afton,F,10
Loy,M,13
John,F,38
Luda,F,10
Byrd,F,5
Elisa,F,12
Dillard,M,14
Evelyn,M,5
Leon,M,248
Jimmy,M,18
Lorita,F,5
Albin,M,13
Yolande,F,5
Blossom,F,6
Lilyan,F,11
Estefana,F,6
Cassandra,F,5
Iris,F,52
Sanford,M,28
Luellar,F,5
Pansy,F,80
Leonarda,F,5
Bertrand,M,10
Rosalee,F,24
Jose,M,125
Tilda,F,24
Robert,F,21
Cona,F,5
Elenor,F,5
Trannie,F,5
Fanny,F,68
Thaddeus,M,16
Augustus,M,43
Neva,F,124
Lilia,F,13
Bernece,F,5
Talmadge,M,11
Olar,F,5
Mariam,F,9
Authur,M,7
Imelda,F,9
Claris,F,7
Houston,M,30
Delsie,F,7
Emil,M,136
Joyce,F,69
Osie,F,20
Joesph,M,7
Seferina,F,5
Lyle,M,48
Chalmer,M,6
Beata,F,6
Zona,F,23
Reece,M,7
Nancy,F,571
Burney,M,5
Isom,M,6
Clair,M,37
Bertha,F,2372
Texie,F,9
Jasper,M,67
Nila,F,8
Lambert,M,9
Annabelle,F,65
Sherman,M,78
Bob,M,64
Aimee,F,14
Sam,M,559
Max,M,133
Nathan,M,143
Erlinda,F,6
Margrett,F,7
Elliot,M,6
Bart,M,8
Archie,F,12
Hobart,M,18
Noma,F,17
Major,M,46
Katy,F,24
Napoleon,M,23
Angelo,M,36
Anice,F,9
Beulah,M,5
Ossie,F,24
Cleola,F,6
Frederic,M,18
Marlin,M,15
Rosanna,F,22
Tenna,F,6
Chesley,M,10
Venus,F,20
Oran,M,11
Rosemarie,F,7
Smith,M,13
Antoine,M,9
Tera,F,6
Alfa,F,5
Jean,M,22
Clair,F,8
Gust,M,15
Arvil,M,6
Mariah,F,23
Jennie,M,5
Yvonne,F,84
Annetta,F,26
Agness,F,11
Judson,M,12
Lou,F,121
Gale,M,9
Dossie,F,8
Jennett,F,6
Hughie,M,8
Olin,M,25
Coleman,M,17
Gilbert,M,166
Betty,F,580
Kathaleen,F,5
Mittie,F,91
Godfrey,M,6
Arvid,M,7
Nanette,F,6
Aldora,F,5
Gaston,M,9
Lannie,F,10
Leland,M,58
Lucian,M,13
Isla,F,9
Seymour,M,9
Obie,M,11
Gustava,F,6
Carmelita,F,11
Bernardine,F,8
Mario,M,10
Rafaela,F,5
Alberta,M,5
Una,F,49
Clifton,M,112
Andrew,M,558
Olie,M,7
Clay,M,33
Dana,F,6
Alberto,M,10
Mai,F,5
Albert,F,8
Reynold,M,5
Vida,F,71
Angelena,F,5
Matt,M,27
Bryan,M,11
Shellie,F,6
Hugo,M,26
Ollie,M,110
Verta,F,13
Hermon,M,9
Waldemar,M,5
Dwight,M,40
Sampson,M,14
Henriette,F,15
Eric,M,26
Jimmie,M,123
Ansel,M,5
Bert,F,15
Alverta,F,24
Evan,M,20
Ramond,M,5
Albertha,F,31
Bernard,M,259
Porter,M,33
Pierre,M,11
Hope,M,5
Cassie,F,86
Valetta,F,6
Ilma,F,7
Jenny,F,24
Waldo,M,22
Rosalia,F,13
Otho,M,35
Keith,M,20
Waymon,M,7
Georgie,F,87
Lavina,F,38
Pernie,F,5
Bedford,M,6
Nella,F,15
Teddy,M,11
Hallie,F,152
Leander,M,13
Ardis,F,12
Macon,M,5
Valentine,M,12
Dolores,F,108
Zettie,F,18
Jane,F,388
Loren,M,33
Forest,M,59
Dudley,M,21
Classie,F,15
Willie,F,1071
Al,M,42
Leatha,F,35
Pearl,M,35
Hayward,M,8
Florie,F,13
Corrinne,F,6
Norah,F,16
Justine,F,23
Mathilda,F,104
Brady,M,14
Newell,M,6
Mel,M,5
Lura,F,107
Darlene,F,8
Carmen,M,5
Ned,M,32
Commodore,M,5
Vincent,M,148
Kathryn,F,717
Illa,F,6
Eunice,F,490
Dorthy,F,21
Vaughn,M,13
Bobbie,M,6
Ernestine,F,113
Frank,F,17
Helma,F,11
Elbert,M,108
Lota,F,9
Lynn,F,9
Claretta,F,5
Laverne,M,12
Collier,M,6
Ebba,F,20
Jeanetta,F,13
Mathew,M,40
Jerome,M,68
Odis,M,12
Claud,M,76
Fredric,M,5
Jemima,F,6
Luetta,F,10
Alvah,M,12
Michael,M,460
Gaylord,M,10
Remus,M,5
George,F,32
Birda,F,7
Orra,F,5
Thecla,F,7
Vernal,F,10
Lonnie,F,25
Para,F,6
Leola,F,207
Rollo,M,6
Vivian,M,9
Buford,M,14
Weaver,M,5
Eula,F,466
Mozelle,F,36
Cicero,M,16
Francisco,M,28
Lovenia,F,6
Priscilla,F,79
Milo,M,24
Otha,M,19
Adriana,F,6
Alton,M,38
Elda,F,45
Carlo,M,5
Carroll,M,52
Iva,M,5
Lucinda,F,91
Alphonse,M,33
Arletta,F,8
Arlie,F,14
Reed,M,21
Mintie,F,10
Pedro,M,44
Luther,M,266
Victorine,F,7
Peggie,F,13
Lillie,F,1533
Stanislaus,M,6
Ephraim,M,10
Rosaline,F,8
Hjalmer,M,7
Achsah,F,5
Cleta,F,13
Billie,M,14
Ellena,F,6
Etna,F,15
Josephine,F,1566
Curley,M,19
Zela,F,8
Aloysius,M,21
Dewitt,M,33
Levonia,F,5
Emilie,F,63
Birtha,F,24
Jewell,F,201
Helga,F,12
Patience,F,5
Mayo,M,5
Isaac,M,143
Indiana,F,6
Leah,F,171
Delena,F,5
Neta,F,15
Coy,F,8
Lovie,F,54
Roscoe,M,90
Arabella,F,7
Sheldon,M,10
Lemmie,M,5
Vergia,F,9
General,M,16
Lillis,F,8
Hilton,M,11
Nannie,F,359
Lucy,F,1065
Anderson,M,37
Adalene,F,6
Vicie,F,12
Archer,M,5
Tollie,F,7
Lucas,M,6
Pauline,F,985
Milburn,M,6
Crawford,M,11
Vivienne,F,7
Beulah,F,873
Issac,M,16
Beatriz,F,8
Nelda,F,18
Burdette,M,5
Norine,F,16
Annis,F,25
Nolan,M,15
Ether,F,17
Mallie,F,35
Garvin,M,9
Iva,F,438
Yancy,M,5
Clement,M,42
Marvel,F,34
Olivia,F,130
Ephriam,M,7
Otis,F,10
Lemuel,M,21
Ellen,M,5
Dana,M,9
Mahalia,F,9
Maxie,F,20
Rella,F,10
Omer,M,31
Sidonia,F,6
Barney,M,50
Clarabelle,F,10
Oda,M,5
Evadna,F,5
Barton,M,7
Lenora,F,129
Everett,M,238
Reka,F,9
Olen,M,13
Hortencia,F,7
Marie,F,3423
Joshua,M,17
Dorothy,M,7
Rudy,M,10
Etienne,M,5
Winston,M,11
Nolie,F,7
Edwin,M,393
Delmer,M,12
Virgle,M,9
Marshall,M,94
Theda,F,10
Ethel,F,3295
Reinhold,M,7
Elsie,F,1720
Adelbert,M,10
Van,M,33
Thelda,F,5
Girlee,F,5
Reta,F,32
Antonette,F,15
Karl,M,65
Sarrah,F,10
Carie,F,6
Mearl,M,5
Ozie,F,11
Cletus,M,10
Wilford,M,17
Alexander,M,216
Clara,F,2432
Rudolph,M,119
Edna,M,11
Honor,F,5
Art,M,9
Beuna,F,6
Beth,F,28
Mable,F,478
Inez,F,503
Dona,F,60
Joanne,F,8
Olivette,F,8
Mozell,F,12
Hermie,F,8
Vista,F,5
Eliga,M,5
Linnie,F,91
Lola,M,7
Hertha,F,33
Turner,M,23
Zera,F,6
Felipe,M,15
Corrine,F,40
Victoria,F,339
Hermina,F,11
Lue,F,57
Hudson,M,10
Paralee,F,14
Everette,M,12
Mandy,F,51
Meriam,F,6
Clora,F,13
Irine,F,10
Patsy,F,34
Eleanor,F,837
Unknown,M,16
Johnnie,M,221
Ferd,M,6
Clementine,F,49
Pete,M,75
Howell,M,9
Joseph,M,3098
Fenton,M,5
Louis,F,6
Emeline,F,16
Bula,F,9
Orin,M,11
Cloie,F,6
Nana,F,8
Lurline,F,16
Angela,F,116
Ashley,M,14
Lelah,F,24
Clarance,M,10
Alicia,F,7
Nellie,M,6
Irving,M,104
Blanche,F,1159
Arie,M,5
Parker,M,8
Orval,M,42
Kathyrn,F,5
Alfred,F,7
Lucie,F,22
Lily,F,99
Alonzo,M,81
Margret,F,33
Roger,M,73
Elvire,F,5
Lessie,M,5
Richmond,M,10
Caldonia,F,5
Mark,M,104
Kay,F,26
Lavona,F,6
Larcenia,F,7
Madalene,F,9
Arlene,F,47
Lorenza,M,8
Amey,F,9
Hellen,F,20
Gregoria,F,8
Johnny,M,70
Parthenia,F,9
Anner,F,14
Onnie,F,10
Celestia,F,6
Goldie,F,473
Marvin,M,186
William,M,6616
Wilton,M,10
Dicy,F,6
Murl,M,5
Loraine,F,46
Merritt,M,14
Mae,M,9
Girtha,F,7
Simeon,M,10
Lorena,F,146
Kathleen,F,325
Alan,M,27
Lester,M,385
Claude,F,6
Florence,F,3509
Monica,F,33
Henretta,F,10
Hall,M,7
Simon,M,58
Charlie,F,35
Lou,M,6
Onie,F,17
Paul,M,1067
Emmit,M,7
Frieda,F,282
Cyrus,M,22
Annalee,F,5
Ela,F,9
Doll,M,7
Justus,M,5
Marjory,F,16
Edla,F,7
Ouida,F,22
Eduard,M,6
Elmo,M,27
Frances,F,2326
Eleonora,F,7
Leonardo,M,6
Bertie,M,9
Sun,M,5
Elsa,F,91
Cleo,F,198
Jonnie,M,12
Isabelle,F,204
Shedrick,M,6
Harvy,M,6
Nona,F,88
Isidore,M,9
Gayle,F,18
Lonnie,M,138
Antha,F,6
Maryann,F,15
Lotta,F,8
Silvia,F,12
Liza,F,30
Welby,M,5
Clarnce,M,9
Elise,F,51
Valerie,F,19
Dosha,F,5
Ilene,F,13
Kermit,M,16
Winfred,M,17
Francis,M,597
Lucius,M,36
Jonas,M,27
Lavon,F,14
Christina,F,111
Sophronia,F,14
Annia,F,6
Paulina,F,8
Delight,F,9
Lum,M,5
Leila,F,140
Caroline,F,452
Lemma,F,6
Cleona,F,11
Sylvester,M,135
Lorna,F,26
Kirk,M,10
Fay,M,32
Allen,M,227
Erminia,F,6
Peggy,F,82
Hardy,M,14
Lucile,F,388
Paschal,M,5
Christene,F,8
Coletta,F,20
Ferne,F,28
Dexter,M,9
Trixie,F,8
Buelah,F,11
Oswald,M,11
Amye,F,5
Concepcion,F,10
Brooks,M,11
Helmer,M,5
Celia,F,285
Doretta,F,7
Casimir,M,8
Eileen,F,91
Abby,F,7
Wilbur,M,163
Lilian,F,18
Sada,F,12
Minette,F,5
Ethelyn,F,31
Cornell,M,5
Cornelius,M,96
Jeannetta,F,7
Nadine,F,44
Louise,F,1832
Jeff,M,47
Gregorio,M,6
Margueritte,F,12
Evelena,F,8
Garland,M,39
Bailey,M,10
Odelia,F,21
Pinkey,F,10
Augusta,F,195
Texanna,F,6
Fay,F,181
Opha,F,10
Louis,M,912
Vina,F,51
Will,F,8
Beckham,M,6
Tom,M,312
Katie,F,572
Magnus,M,6
Clara,M,8
Mattie,M,11
Rolland,M,26
Macy,F,9
Ivory,M,19
Madeline,F,355
Marge,F,13
Jeremiah,M,29
Hilding,M,6
Harriett,F,108
Ina,F,224
Adele,F,172
Hazel,M,15
Julia,F,1501
Abbie,F,91
Lempi,F,10
Rosey,F,14
Willis,M,144
Joann,F,11
Norris,F,5
Angus,M,15
Willow,F,5
Christian,M,33
Arvella,F,11
Warren,M,149
Juliana,F,6
Marguerite,F,695
Vena,F,36
Elberta,F,15
Cordelia,F,49
Enos,M,7
Santos,F,7
Prentice,M,5
Jackie,F,6
Lilie,F,5
Therese,F,22
Eddie,M,353
Essex,M,5
Annette,F,115
Mary,F,14486
Bina,F,9
Pluma,F,7
Alberta,F,417
Rome,M,5
Earsie,F,5
Verlie,F,15
Jordan,M,6
Frankie,F,88
Ernie,M,8
Manuela,F,24
Frida,F,5
Garnet,F,37
Viona,F,9
Avery,F,7
Willetta,F,6
Rueben,M,9
Ward,M,46
Gwendolyn,F,57
Juana,F,28
Alleen,F,6
Hassie,F,24
Levi,M,55
Rachael,F,19
Adah,F,25
Vola,F,10
Monnie,F,16
Emily,F,606
Author,M,5
Georgina,F,17
Edyth,F,24
Edd,M,48
Robbie,F,43
Elisha,M,23
Glenna,F,41
Ernest,F,6
Elroy,M,6
Gabriella,F,9
Magdalene,F,36
Alpha,M,14
Rollie,M,11
Queen,F,47
Quilla,F,6
Beverly,M,12
Ruey,F,5
Santos,M,10
Ivy,F,76
Lonie,M,8
Elmer,F,8
Benjamin,M,374
Johnson,M,13
Hebert,M,5
Rosemond,F,5
Helen,M,30
Dorcas,F,22
Owen,M,63
Ardella,F,25
Mannie,F,10
Glenn,M,185
Lee,F,134
Melton,M,5
Lupe,M,8
Herbert,M,615
Gilmore,M,5
Elodia,F,6
Zula,F,66
Allene,F,41
Gottlieb,M,9
Athena,F,5
Obie,F,6
Viola,M,11
Carol,F,80
Yvette,F,6
Cecilia,F,195
Else,F,5
Cecelia,F,243
Jackson,M,40
Manervia,F,6
Guss,M,10
Ezra,M,26
Della,F,609
Tommie,F,49
Roseanna,F,8
Olla,F,5
Janet,F,115
Louvenia,F,20
Norris,M,14
Hunter,F,6
Tracy,M,6
Hermine,F,17
Irma,F,368
Sabina,F,14
Nat,M,7
Beatrice,M,8
Nova,F,18
Corene,F,27
Zetta,F,15
Mandie,F,8
Claire,M,7
Eugenie,F,16
Evalyn,F,20
Angie,F,54
Richard,F,6
Gwendoline,F,6
Bennie,F,33
Raymond,F,10
Villa,F,7
Bess,F,104
Rosario,M,6
Ivory,F,17
Marine,F,5
Manley,M,6
Kent,M,6
Pricilla,F,6
Cleone,F,7
Rosalie,F,155
Allegra,F,5
Paul,F,13
Maureen,F,5
Lester,F,13
Myrna,F,20
Neola,F,6
Eller,F,10
Gertie,F,140
Hillard,M,5
Josephine,M,7
Eulalia,F,24
Grady,M,70
Berneice,F,14
Claudia,F,97
Scott,M,36
Mart,M,7
Sylva,F,10
Genevieve,F,410
Chauncy,M,5
Naomi,F,327
Evaline,F,6
Refugio,F,5
Dagmar,F,11
Tinnie,F,11
Mettie,F,11
Sabra,F,12
Augustine,F,19
Alois,M,8
Alphia,F,7
Esta,F,56
Lourene,F,5
Adella,F,22
Johnsie,F,6
Annabel,F,22
Lenore,F,84
Aleda,F,6
Orville,M,108
Florance,F,15
Ross,M,90
Golden,M,14
Versa,F,10
Madelon,F,9
Cuma,F,5
Nickolas,M,6
Verna,F,436
Constance,F,117
Florina,F,7
Helene,F,94
Johny,M,7
Phillip,M,87
Cleora,F,15
Hortense,F,49
Loretta,F,461
Cynthia,F,63
Idelle,F,12
Ester,F,43
Irvine,M,6
Clemens,M,5
Adolphus,M,12
Dixie,F,48
Vila,F,5
Hilary,M,8
Adline,F,14
Vanda,F,7
Delmar,M,16
Alf,M,5
Bettye,F,8
Reva,F,48
Ardelle,F,5
Calvert,M,5
Roxy,F,5
Emma,F,2514
Aida,F,13
Letta,F,8
Glee,F,5
Riley,M,37
Rubin,M,22
Phoebe,F,87
Dell,M,13
Clemmie,F,26
Archibald,M,18
Almira,F,18
Washington,M,14
Gussie,F,185
Carol,M,6
Gwen,F,13
Pairlee,F,8
Veva,F,5
Selma,F,252
Noah,M,69
Johanna,F,114
Mina,F,73
Velma,F,526
Arvel,M,11
Elza,F,5
Orlando,M,10
Leonor,F,10
Lupe,F,11
Taylor,M,20
Angelina,F,118
Elmira,F,42
Polly,F,62
Judy,F,18
Willard,M,164
Belvia,F,8
Lea,F,25
Vira,F,13
Mazie,F,66
Kizzie,F,15
Edwina,F,28
Bella,F,53
Enola,F,16
Dick,M,35
Lyman,M,26
Luna,F,32
Boston,M,5
Candis,F,9
Nada,F,6
Beryl,F,59
Lacy,F,12
Retta,F,29
Neoma,F,11
Carl,M,952
Savannah,F,53
Alvin,M,201
Veronica,F,217
Hildur,F,18
Beverly,F,12
Josie,F,221
Odie,M,10
Eugene,M,524
Manford,M,7
Linton,M,7
Bertie,F,205
Lucia,F,41
Donovan,M,7
Phillis,F,7
Henderson,M,19
Addie,F,469
Eliza,F,249
Zita,F,14
Wendell,M,38
Otis,M,169
Andy,M,42
Palmer,M,11
Vesper,F,5
Ethlyn,F,5
Elvina,F,23
Elma,F,199
Odell,M,30
Leonora,F,35
Mace,M,10
Pheba,F,5
Belva,F,52
Capitola,F,7
Ottilia,F,10
Salvatore,M,27
Marcia,F,31
Betsy,F,21
Alexandra,F,10
Winfield,M,25
Audra,F,26
Teresa,F,153
Ione,F,74
Rodolfo,M,5
Liddie,F,18
Vinson,M,5
Josefa,F,17
Bernice,M,14
Bee,F,12
Tobe,M,9
Stella,F,1075
Adela,F,33
Ersie,F,6
Herminia,F,8
Roy,M,1002
Iver,M,6
Sidney,F,28
Dot,F,5
Inga,F,24
Georgette,F,6
Gene,F,25
Armand,M,20
Gaynell,F,9
Clela,F,5
Inger,F,5
Mathilde,F,20
Colbert,M,6
Warner,M,10
Kathern,F,7
Evelina,F,13
Robt,M,5
Elida,F,7
Julius,M,159
Jaunita,F,9
Aurelia,F,50
Cressie,F,6
Dagny,F,9
Izola,F,6
Ike,M,41
Dovie,F,109
Dewey,M,136
Besse,F,19
Maxine,F,62
Adrian,M,26
Daniel,M,501
Evie,F,73
Frederick,M,330
Murle,F,5
Clarinda,F,7
Audry,F,12
Glada,F,6
Vallie,F,42
Ever,F,10
Natalia,F,7
Jake,M,102
Belvie,F,6
Raye,F,6
Billy,M,22
Edward,F,12
Enrique,M,7
Alexandria,F,6
Reather,F,6
Rosita,F,5
Serena,F,26
Amelia,F,355
Eloisa,F,10
Willian,M,5
Alva,M,60
Hilja,F,6
Fleda,F,8
Macie,F,19
Ethyl,F,39
Irene,F,2210
Alphonso,M,14
Magdalena,F,37
Martin,M,325
Edna,F,2754
Hunter,M,15
Juanita,F,234
Katherine,M,5
Jule,F,13
Lydia,M,5
Haywood,M,20
Timothy,M,62
Benjamine,M,6
Joy,F,38
Ella,M,7
Fred,M,1286
Dewey,F,5
Williemae,F,6
Fern,M,6
Cena,F,5
Frank,M,2756
Lana,F,8
Moise,M,6
Norval,M,8
Florentine,F,8
Edison,M,14
Corena,F,5
Gennie,F,9
Portia,F,10
Laddie,F,5
Dimple,F,11
Adrienne,F,10
Henry,M,2154
Lyla,F,11
Ferol,F,9
Lavera,F,6
Virdie,F,14
Frances,M,19
Raymon,M,11
Leonie,F,15
Helmi,F,5
Oneita,F,9
Milton,M,207
Osborne,M,5
Rosario,F,5
Ardie,F,5
Cas,M,5
Natalie,F,39
Carey,F,5
Beecher,M,5
Geneva,F,308
Audie,F,25
Merlin,M,14
Cleo,M,33
Gustavia,F,6
Terrell,M,5
Joe,M,955
Assunta,F,6
Mignon,F,13
Mertice,F,5
Burnetta,F,7
Cary,M,12
Alda,F,35
Billie,F,70
Albertine,F,24
Odie,F,25
Luevenia,F,9
Lillia,F,6
Adelaide,F,151
Lissie,F,12
Rollin,M,14
Ethel,M,19
Blonnie,F,9
Fredrica,F,5
Alcide,M,6
Jesusita,F,5
Vesta,F,109
Irene,M,11
Kay,M,5
Jennie,F,985
Electa,F,7
Stanley,M,334
Mattye,F,5
Exie,F,23
Yetta,F,29
Dove,F,6
Alfreda,F,22
Refugio,M,5
Hessie,F,18
Audrey,M,14
Stewart,M,28
Ebbie,F,8
Orbie,M,5
Alena,F,8
Morton,M,15
Marye,F,9
Deborah,F,21
Vincenza,F,8
Malcolm,M,52
Kathryne,F,16
Mitchel,M,7
Lora,F,166
Mason,M,24
Modena,F,6
Winford,M,5
Quincy,F,5
Will,M,359
Len,M,9
Sim,M,11
Ceil,F,10
Carleton,M,6
Acie,M,5
Axel,M,8
Atha,F,15
Lelar,F,15
Noelie,F,7
Sarah,F,1710
Albert,M,1375
Edith,F,1853
Cleda,F,9
Jonnie,F,9
Clark,M,31
Marcelina,F,5
Bobbie,F,31
Eular,F,8
Sammy,M,7
Richard,M,908
Sie,M,6
Nelson,M,78
Rachel,F,393
Eura,F,18
Martina,F,22
Monte,M,6
Bruno,M,15
Arden,M,7
Rutha,F,6
Harriet,F,399
Jesse,F,15
Marshal,M,5
Modesta,F,7
Jodie,F,6
Leroy,M,370
Ardell,F,10
Geo,M,8
Jack,M,743
Alvera,F,7
Lynnette,F,5
Lyda,F,58
Zoa,F,7
Geraldine,F,156
Verner,M,8
Babe,F,6
Carter,M,11
Fleeta,F,10
Leonard,F,7
Madie,F,44
Verdia,F,5
Nathalie,F,8
Levy,M,9
Collis,M,5
Shelly,M,8
Beryl,M,8
Kathlyn,F,5
Vernie,F,44
Mahala,F,11
Artie,M,15
Sid,M,9
Eva,M,8
Marylee,F,12
Fern,F,238
Clyde,M,382
Missouri,F,33
Tina,F,44
Gussie,M,9
Alla,F,7
Vicenta,F,5
Otie,F,7
Monta,F,7
Garold,M,5
Gola,F,8
Bennett,M,11
Emmer,F,21
Grace,M,6
Irvin,M,91
Elva,F,253
Hollis,M,27
Oliva,F,11
Sina,F,10
Gloria,F,24
Fredrick,M,42
Jefferson,M,24
Freeda,F,24
Wava,F,6
Lulia,F,6
Mammie,F,35
Fleta,F,7
India,F,16
Beaulah,F,25
Oralee,F,6
Hurley,M,9
Cleve,M,16
Duke,M,7
Katharine,F,89
Mora,F,7
Hildegarde,F,20
Claudie,F,31
Roxanna,F,6
Luigi,M,6
Erma,F,288
Melvina,F,52
Lorine,F,26
Otha,F,11
Mellie,F,31
Willia,F,29
Gurney,M,7
Charles,F,25
Armella,F,5
Agusta,F,6
Jeanie,F,6
Tennie,F,38
Savanah,F,10
Gabrielle,F,5
Ura,F,7
Jossie,F,23
Emilio,M,7
Georgie,M,7
Elvia,F,16
Talitha,F,12
Lessie,F,164
Wong,M,7
Vada,F,80
Roosevelt,M,166
Ava,F,40
Kate,M,5
Valera,F,5
Mack,M,147
Bryant,M,11
Miriam,F,200
Clella,F,6
Verbie,F,7
Rilla,F,32
Carlton,M,37
Collie,M,7
Azalee,F,5
Craig,M,5
Lucien,M,19
Moses,M,73
Burl,M,9
Shirley,F,104
Merle,F,112
Vinie,F,9
Thirza,F,6
Emmie,F,44
Ida,F,1836
Elaine,F,48
Effie,F,658
Lake,F,6
Cele,F,8
Syble,F,12
Joeseph,M,6
Marion,F,1033
Clarice,F,120
Malissie,F,8
Dolly,F,85
Odessie,F,7
Oliver,M,181
Hosteen,M,6
Mima,F,9
Delores,F,22
Olga,F,321
Minta,F,13
Celesta,F,11
Zeta,F,7
Larry,M,46
Wilmer,M,25
Ferdinand,M,32
Dolphus,M,8
Magdalen,F,28
Jamie,F,15
Davie,M,6
Dortha,F,20
Hilda,F,649
Mona,F,55
Theressa,F,8
Earlie,F,7
Saddie,F,5
Euda,F,5
Vivia,F,5
Malissia,F,11
Adelina,F,26
Hosie,M,10
Johney,M,7
Venita,F,10
Rosetta,F,99
Clem,M,25
Faith,F,21
Minie,F,5
Jodie,M,5
Edgar,M,307
Felicia,F,23
Luvinia,F,7
Pearle,F,50
Maurine,F,39
Lera,F,19
Rebekah,F,7
Augusta,M,10
Woodie,F,5
Rosebud,F,6
Floyd,M,471
Angeline,F,129
Drusilla,F,14
Guy,M,186
Easter,F,26
Jesus,M,21
Lydie,F,11
Alethia,F,5
Eulah,F,20
Manuel,M,118
Antonetta,F,9
Oler,F,7
Etha,F,17
Dicie,F,12
Celestine,F,41
Jeannie,F,6
Rolla,M,8
Ophia,F,8
Esther,F,1833
Faye,M,5
Prentiss,M,5
Glen,M,123
Josiah,M,5
Blannie,F,6
Titus,M,6
Azzie,F,6
Forrest,F,6
Leopold,M,11
Sheridan,M,6
Freddie,F,19
Lydia,F,535
Floye,F,9
Conrad,M,38
Lala,F,18
Gardner,M,6
Flora,F,587
Lexie,F,16
Bonnie,F,183
Lucetta,F,10
Darline,F,6
Cuba,F,10
Althea,F,41
Valeria,F,28
Aubrey,F,6
Horace,M,199
Nobie,F,7
Freida,F,34
Susanne,F,9
Randall,M,16
Edmund,M,104
Garner,M,6
Yula,F,6
Chloie,F,7
Lew,M,10
Vessie,F,5
Arley,M,5
Meredith,F,8
Elmer,M,574
Gene,M,41
Oral,M,11
Tomasita,F,9
Hoyt,M,12
Virgie,F,210
Velna,F,8
Madge,F,154
Estelle,F,472
Johnnie,F,154
Blenda,F,6
Littie,F,15
Mildred,M,14
Emelia,F,25
Bonnie,M,10
Lorraine,F,103
Park,M,5
Calvin,M,130
Ocie,M,13
Ona,F,74
Evans,M,15
Domenick,M,5
Levie,F,5
Clydie,F,8
Norwood,M,6
Vassie,F,18
Soledad,F,5
Isac,M,5
Jewell,M,19
Lena,F,1225
Clare,F,57
Maisie,F,5
Romeo,M,13
Edra,F,5
Cyril,M,50
Mildred,F,2750
Lovella,F,11
Helena,F,133
Lorean,F,9
Vona,F,8
Frederica,F,6
Mozella,F,11
Lorene,F,137
Melrose,F,5
Arvin,M,5
Marry,F,11
Alfrieda,F,6
Early,M,22
Lenord,M,5
Amy,F,255
Verne,F,11
Jule,M,9
Alcie,F,7
Estella,F,283
Einar,M,9
Kitty,F,39
Fritz,M,13
Benton,M,10
Lilah,F,10
Malvina,F,19
Dell,F,23
Isabell,F,81
Clarie,F,8
Orrie,M,13
Netta,F,9
Zell,F,8
Myrl,F,19
Farris,M,7
Argie,F,5
Garnett,M,5
Louise,M,9
Jessie,M,323
Cammie,F,13
Erna,F,94
Ceola,F,9
Guadalupe,F,35
Oscar,M,397
Aurora,F,19
Dulcie,F,15
Wheeler,M,9
Svea,F,6
West,M,12
Zora,F,58
Hiram,M,42
Berdie,F,12
Myrle,F,24
Delina,F,7
Aleen,F,8
Dottie,F,27
Franklin,M,97
Bartholomew,M,7
Maie,F,7
Gordie,F,5
Wylma,F,5
Irena,F,11
Melvin,F,6
Carolina,F,31
Donnie,F,29
Gracie,F,160
Molly,F,54
Murrell,F,5
Orlena,F,7
Winona,F,29
Alida,F,27
Katherine,F,1004
Arthur,F,6
Prosper,M,5
Malachi,M,8
Mercie,F,10
Emit,M,6
Bernie,M,17
Maye,F,25
Selina,F,13
Fronia,F,7
Wesley,M,145
Rita,F,148
Essie,M,9
Elna,F,13
Orpha,F,80
Abram,M,9
Berniece,F,51
Mercy,F,7
Nanie,F,9
Julian,M,62
Elza,M,11
Armon,M,5
Lorenzo,M,27
Lowell,M,28
Debbie,F,7
Cordia,F,22
Wade,M,40
Manuelita,F,13
Beatrice,F,1429
Dorothy,F,2707
Murphy,M,7
Zelma,F,189
Lorette,F,5
Mollie,F,337
Alverna,F,8
Amedee,M,5
Media,F,7
Antonia,F,43
Auther,M,7
Solomon,M,66
Rufina,F,5
Dock,M,50
Tomasa,F,10
Rowena,F,37
Thornton,M,8
Oda,F,28
Burnice,F,10
Clover,F,5
Silva,F,6
Patsy,M,10
Katheryne,F,6
Idell,M,5
Octavia,F,40
Lolita,F,26
Roderick,M,8
Orrin,M,5
Woodrow,M,5
Myrl,M,7
Denise,F,6
Howard,M,632
Powell,M,6
Orma,F,5
Okey,M,8
Narcissus,F,7
Loree,F,8
Edrie,F,5
Deloris,F,5
Rene,F,9
Suzanne,F,27
Oneida,F,5
Elwin,M,7
Maybell,F,28
Rupert,M,9
Nonie,F,16
Earle,M,44
Percy,M,167
Donna,F,55
Josiephine,F,16
Gail,F,26
Luciano,M,5
Lottie,F,537
Gertha,F,15
Eugene,F,5
Kelley,M,11
Francisca,F,43
Luberta,F,12
Fredia,F,9
Effie,M,6
Pascal,M,5
Ebb,M,6
Libby,F,11
Isadore,F,5
Thurston,M,8
Arminta,F,6
Fate,M,6
Margarette,F,14
Estel,M,7
Gretta,F,10
Olene,F,6
Selmer,M,6
Janette,F,6
Chester,M,321
Delta,F,17
Beda,F,6
Myrta,F,7
Carra,F,5
Grover,M,45
Hugh,M,217
June,M,6
Carmen,F,75
Precious,F,7
Fulton,M,7
Loma,F,20
Oleva,F,5
Chauncey,M,22
Catherine,F,1896
Averil,F,5
Bettie,F,145
Luz,F,9
Odin,M,5
Manila,F,5
Zenobia,F,17
Luvenia,F,38
Shirley,M,22
Hazel,F,2238
Carrol,M,9
Ana,F,16
Leslie,M,251
Weston,M,8
Daisie,F,7
Stephania,F,9
Leanora,F,7
Loyd,M,61
Georgiana,F,36
Ozella,F,17
Wilda,F,50
Talmage,M,6
Rosevelt,M,23
Joanna,F,26
Norman,F,5
Jack,F,10
Murray,M,38
Aretha,F,7
Theola,F,8
Watson,M,14
Elmore,M,13
Arlington,M,6
Charline,F,9
Fairy,F,20
August,M,108
Araminta,F,5
Delia,F,132
Hamilton,M,13
Earnie,M,5
Margarete,F,17
Francis,F,140
Sister,F,17
Bradford,M,9
Jettie,F,29
Maud,F,218
Adaline,F,21
Mary,M,56
Ray,M,391
Minerva,F,88
Steven,M,32
Clarence,M,1292
Charlcie,F,5
Aletha,F,20
Lina,F,39
Pallie,F,5
Zelia,F,8
Granville,M,17
Merrill,M,26
Sam,F,7
Malvena,F,5
Odile,F,18
Burt,M,12
Rubie,F,31
Danny,M,9
Rosco,M,5
Olevia,F,19
Velmer,F,5
Safronia,F,5
Wilburn,M,19
Camille,F,38
Marcelle,F,7
Hollie,F,5
Sumner,M,5
Elder,M,6
Orvil,M,7
Maryland,F,5
Eli,M,51
Wilson,M,69
Azilee,F,6
Christeen,F,7
Alvira,F,8
Loretto,F,16
Mabel,M,12
Olan,M,9
Elisabeth,F,50
Eulala,F,11
Mearl,F,5
Verne,M,20
Oma,F,122
Erva,F,7
Wm,M,12
Lilliam,F,9
Laura,F,1559
Steve,M,92
Bishop,M,9
Icie,F,30
Rich,M,5
Pattie,F,38
Philomena,F,47
Aurilla,F,6
Vela,F,8
Violette,F,21
Wilfrid,M,8
Raleigh,M,25
Homer,M,269
Florine,F,47
Orene,F,6
Lacie,F,6
Carmella,F,30
Sonny,M,6
Blanchie,F,10
Girtie,F,9
Lavada,F,22
Franklyn,M,5
Rosia,F,20
Alys,F,7
Myrtle,F,1884
Flo,F,18
Reba,F,129
Giles,M,9
Ludwig,M,13
Almer,M,5
Whit,M,5
Robbie,M,8
Juliet,F,23
Gretchen,F,30
Princess,F,6
Marietta,F,47
Glenora,F,8
Earl,F,11
Maryetta,F,9
Hezekiah,M,12
Carson,M,17
Clifford,F,22
Mafalda,F,5
Georgianna,F,27
Freeman,M,40
Arthur,M,1486
Weldon,M,10
Delfina,F,6
Belton,M,7
Alfonzo,M,7
Ruby,F,1458
Gertrude,F,2207
Loula,F,8
Sydney,F,5
Signe,F,19
Eloise,F,124
Cruz,M,5
Trina,F,6
Eligah,M,14
Vadie,F,7
Honora,F,8
Emery,M,39
Unknown,F,7
Corrie,F,28
Elvie,F,30
Eva,F,1727
Isabel,F,256
Jerry,M,148
Ivy,M,10
Harrell,M,5
Hyrum,M,6
Samual,M,10
Maebelle,F,12
Maynard,M,25
Evangeline,F,58
Lelea,F,5
Louie,F,24
Phyllis,F,164
Gregory,M,10
Pearlie,M,8
Marianna,F,13
Leda,F,21
Itha,F,5
Maceo,M,5
Belle,F,212
Zollie,M,5
Ulysees,M,5
Retha,F,41
Cathrine,F,20
Euphemia,F,5
Kelly,M,16
Mickey,M,7
Lem,M,13
Roman,M,23
Altha,F,35
Buena,F,7
Jessie,F,1240
Ursula,F,35
Henritta,F,7
Chrystal,F,15
Oddie,F,8
Susie,F,717
Floria,F,6
Zilpha,F,8
Gena,F,11
Wayne,M,90
Malinda,F,72
Elinor,F,34
Zellie,F,5
Lassie,F,14
Vester,M,7
Agnes,M,5
Artie,F,79
Fanchon,F,5
Holden,M,5
Wynona,F,10
Cathryn,F,18
Phebe,F,15
Christena,F,15
Leota,F,74
Charlie,M,761
Freddie,M,38
Alliene,F,6
Cal,M,8
Wilhelmine,F,12
Elena,F,37
Alpha,F,81
Lance,M,8
Stephanie,F,12
Roland,M,115
Orelia,F,6
Ingrid,F,8
Isabella,F,84
Cara,F,11
Earnest,M,159
Allie,M,29
Azalea,F,7
Fletcher,M,37
Isreal,M,6
Nettie,F,569
Margie,F,187
Hilliard,M,8
Iona,F,62
Lennie,M,5
Miles,M,45
Louella,F,80
Madalyn,F,9
Alline,F,17
Love,M,9
Reuben,M,82
Luella,F,262
Sydney,M,13
Lillie,M,9
Amelie,F,5
Louanna,F,5
Thelma,M,6
Norbert,M,22
Jarvis,M,7
Tennessee,F,13
Almena,F,7
Zeno,M,12
Izetta,F,10
Rexford,M,6
Bethel,F,21
Rudolf,M,5
Edda,F,5
Jeanette,F,198
Willa,F,64
Dorotha,F,13
Andrea,F,21
Clayton,M,97
Oneal,M,8
Novella,F,20
Zoe,F,34
Ezell,M,6
Anna,M,16
Ransom,M,14
Ewald,M,10
Plummer,M,6
Rex,M,46
Velva,F,24
Ottie,F,16
Sinclair,M,5
Edmond,M,49
Essie,F,424
Perry,M,108
Vannie,F,10
Diana,F,36
Dola,F,8
Mose,M,59
Albino,M,5
Ervin,M,76
Veta,F,13
Marion,M,176
Fae,F,16
Ozell,F,8
Ethyle,F,7
Ira,F,37
Faye,F,183
Gustave,M,33
Newman,M,5
Jules,M,21
Bertram,M,17
Blanch,F,101
Sue,F,154
Cloyd,M,12
Lon,M,26
Magnolia,F,48
Isa,F,8
Vivien,F,7
Chaney,F,5
Borghild,F,6
Marvin,F,6
Jones,M,10
Luvina,F,6
Gabriel,M,23
Rosie,F,417
Irean,F,7
Lavern,M,5
Annice,F,8
